X,Y,OBJECTID,MXLOCATION,type,status,description,GlobalID
1750929.00009999983,5932699.00009999983,1,ALB,ACSTN,COMMISSIONED,Albany,34980b38-ef57-43e1-ae18-4bbeb8e307f5
1483256.00009999983,5243850.00009999983,2,APS,ACSTN,COMMISSIONED,Arthurs Pass,82e595e6-04e2-4705-be90-cc9a59acb8fc
1873657.00009999983,5721161.00009999983,3,ARA,ACSTN,COMMISSIONED,Aratiatia,b038c952-70a3-4011-9abb-69e6a7d9d49e
1616837.00009999983,5386748.00009999983,4,ARG,ACSTN,COMMISSIONED,Argyle,96c8c10f-bf57-45b1-9380-7995327c78a5
1831847.00009999983,5782925.00009999983,5,ARI,ACSTN,COMMISSIONED,Arapuni,469eacb9-714c-4381-a676-94963eed206a
1503871.00009999983,5133909.00009999983,6,ASB,ACSTN,COMMISSIONED,Ashburton,bd5654a0-2e7f-4608-8508-3793cc3cc57e
1569375.00009999983,5209968.00009999983,7,ASY,ACSTN,COMMISSIONED,Ashley,186c4585-bfc5-44f1-9a26-0633ec41d0f4
1863993.00009999983,5746266.00009999983,8,ATI,ACSTN,COMMISSIONED,Atiamuri,72ce3d68-05b9-4157-bd6f-247878fac5c6
1424397.00009999983,5097843.00009999983,9,ABY,ACSTN,COMMISSIONED,Albury,f3951930-1794-4c95-91b6-57572786dc51
1567884.00009999983,5179259.00009999983,10,ADD,ACSTN,COMMISSIONED,Addington,e877e204-06c3-47da-b286-48d32b45901e
1479770.00009999983,5314014.00009999983,11,ATU,ACSTN,COMMISSIONED,Atarau,dd9dba07-719e-4424-b869-80fadb29342a
1390245.00009999983,5051586.00009999983,12,AVI,ACSTN,COMMISSIONED,Aviemore,f4e56c5b-b40c-4d61-89b6-df90bacea298
1350994.00009999983,4875583.00009999983,13,BAL,ACSTN,COMMISSIONED,Balclutha,9617ecf2-350e-42f8-bc12-ea7642392fa3
1279333.00009999983,4872602.00009999983,14,BDE,ACSTN,COMMISSIONED,Brydone,bfd108b3-e94e-4fcd-a45e-b4fdc7ac1ec6
1377232.00009999983,5061385.00009999983,15,BEN,ACSTN,COMMISSIONED,Benmore AC,748ab6c6-1ded-4463-b02c-ced6b3ab22f1
1677835.00009999983,5405479.00009999983,16,BLN,ACSTN,COMMISSIONED,Blenheim,872471d5-0b76-4325-bb8c-f8e24963ad39
1777554.00009999983,5882318.00009999983,17,BOB,ACSTN,COMMISSIONED,Bombay,20c7ca45-013d-4bb6-8eb2-26ca8bee5a81
1774444.910099999979,5906262.720099999569,18,BHL,ACSTN,COMMISSIONED,Brownhill Road,d249ba91-0d68-4287-b3bd-0b145fcdea87
1438716.00009999983,5027527.00009999983,19,BPD,ACSTN,COMMISSIONED,Bells Pond,a46f0b45-bf63-46ea-9f0f-0b1bf77f6c05
1824482.00009999983,5537672.00009999983,20,BPE,ACSTN,COMMISSIONED,Bunnythorpe,dcca2423-a2cc-4ae5-8250-c26cc8771c3d
1426227.0301,5027118.8901,21,BPT,ACSTN,COMMISSIONED,Black Point,77ba87c1-3c65-494c-b5eb-73eed3f0b62b
1733637.00009999983,6031785.00009999983,22,BRB,ACSTN,COMMISSIONED,Bream Bay,8893b839-1252-4f46-9f11-52efea4f7595
1775381.00009999983,5584691.00009999983,23,BRK,ACSTN,COMMISSIONED,Brunswick,ab8f9fc4-2bc0-4759-ae00-0c9fc5deb228
1575608.00009999983,5180029.00009999983,24,BRY,ACSTN,COMMISSIONED,Bromley,1b623d25-30ff-4641-94ed-b6c0c5772844
1375380.00009999983,4908481.00009999983,25,BWK,ACSTN,COMMISSIONED,Berwick,b3624553-fbfa-46a7-817f-633a770998f2
1818482.00009999983,5805622.00009999983,26,CBG,ACSTN,COMMISSIONED,Cambridge,04588ad3-92d2-4353-a221-64043e38d1c4
1496824.00009999983,5214719.00009999983,27,CLH,ACSTN,COMMISSIONED,Castle Hill,fa2de1aa-ab38-4246-b7c7-95be16df7c16
1300103.00009999983,5003434.00009999983,28,CML,ACSTN,COMMISSIONED,Cromwell,0003c065-6b43-4aba-9ef9-bcbd724b2c4e
1480646.00009999983,5197734.00009999983,30,COL,ACSTN,COMMISSIONED,Coleridge,6dcf5cf3-3c72-4182-b1b3-e675c9545e4d
1748149.00009999983,5426363.00009999983,31,CPK,ACSTN,COMMISSIONED,Central Park,c6ba2c77-0c5a-440e-b304-c9c07c9066a0
1694035.00009999983,5673654.00009999983,32,CST,ACSTN,COMMISSIONED,Carrington Street,7276722f-e812-49fe-b142-fd593a3b4773
1589859.00009999983,5270393.00009999983,33,CUL,ACSTN,COMMISSIONED,Culverden,3a802ca4-b1e7-456e-b5af-9f4a827ab531
1309791.00009999983,4990371.00009999983,34,CYD,ACSTN,COMMISSIONED,Clyde,345b836d-4116-4723-85e0-fc6fe79af4c0
1460288.00009999983,5298504.00009999983,35,DOB,ACSTN,COMMISSIONED,Dobson,e41d4095-0708-418d-bb01-956df06c868e
1774160.00009999983,5889442.00009999983,36,DRY,ACSTN,COMMISSIONED,Drury,3bc160f4-8e58-4927-828a-d81e5be9f36b
1858006.00009999983,5546736.00009999983,37,DVK,ACSTN,COMMISSIONED,Dannevirke,8666e6dd-4028-479a-8853-6fe2ec3b5842
1936284.00009999983,5788677.00009999983,38,EDG,ACSTN,COMMISSIONED,Edgecumbe,eda63f43-211b-43d1-a594-a746c921b665
1274964.00009999983,4862682.00009999983,39,EDN,ACSTN,COMMISSIONED,Edendale,7a6c068f-526e-4468-b200-d86ce08a1cab
1923083.00009999983,5609948.00009999983,40,FHL,ACSTN,COMMISSIONED,Fernhill,e47fb1a5-476b-46c7-80f1-d4e4b6160238
1264313.00009999983,5007062.00009999983,41,FKN,ACSTN,COMMISSIONED,Frankton,22a99aec-109c-41e0-b881-cba96362b013
1760647.00009999983,5432797.00009999983,42,GFD,ACSTN,COMMISSIONED,Gracefield,36af685e-b2f7-4e25-b653-28b2f9ec48d8
1753635.00009999983,5881167.00009999983,44,GLN,ACSTN,COMMISSIONED,Glenbrook,af1141af-c6a5-4735-9e04-82899ef5f160
1453179.00009999983,5298172.00009999983,45,GYM,ACSTN,COMMISSIONED,Greymouth,07e4a082-93f9-41c7-b734-c6a4f3e870ce
1804621.00009999983,5445253.00009999983,46,GYT,ACSTN,COMMISSIONED,Greytown,c2b9adf2-d397-455e-ac53-edb8d0ecbbb5
1802987.00009999983,5816159.00009999983,47,HAM,ACSTN,COMMISSIONED,Hamilton,8ea185cc-49a6-4507-a674-f46da9e83aa4
1766258.00009999983,5442603.00009999983,48,HAY,ACSTN,COMMISSIONED,Haywards AC,97480e61-08df-434e-b4dc-9ffd1f2b5d34
1744226.00009999983,5921548.00009999983,49,HEN,ACSTN,COMMISSIONED,Henderson,046eef94-1489-4ad4-ae7c-aa3e46a6f362
1747934.00009999983,5916486.00009999983,50,HEP,ACSTN,COMMISSIONED,Hepburn Road,72067824-a0d0-4ff3-a6bc-6348b60b646a
1843078.00009999983,5799495.00009999983,51,HIN,ACSTN,COMMISSIONED,Hinuera,58f74c93-a6ff-4f8b-b2f0-f47896148b75
1284097.00009999983,4885035.00009999983,52,GOR,ACSTN,COMMISSIONED,Gore,7bd92676-d143-4a60-be85-21e77810bcf0
1434864.00009999983,5267776.00009999983,53,HKK,ACSTN,COMMISSIONED,Hokitika (Westpower),61e60238-6c5f-4eb7-bc88-c96b65da8d6a
1790106.00009999983,5842852.00009999983,54,HLY,ACSTN,COMMISSIONED,Huntly,ba8cfa21-b9d4-4473-a52f-9800ca059427
1757117.00009999983,5920840.00009999983,55,HOB,ACSTN,COMMISSIONED,Hobson Street,a2736c8c-04e7-4e1b-8494-3eb4d0259de9
1517688.00009999983,5178084.00009999983,56,HOR,ACSTN,COMMISSIONED,Hororata,6ccb2887-d6b4-467b-ba45-7aaa341df2ab
1737565.00009999983,5930600.00009999983,57,HPI,ACSTN,COMMISSIONED,Huapai,8fd191d7-59b7-4bb3-9f02-cbc4985ba23b
1790574.00009999983,5764029.00009999983,58,HTI,ACSTN,COMMISSIONED,Hangatiki,3b01ce26-8929-40e8-a65c-bcc775db9891
1707053.00009999983,5677676.00009999983,59,HUI,ACSTN,COMMISSIONED,Huirangi,66e6110c-14bf-41b7-ab48-46aad362baf3
1712536.00009999983,5619536.00009999983,60,HWA,ACSTN,COMMISSIONED,Hawera,05ce8d83-166d-49c0-9945-cc88db9a2c3a
1404021.00009999983,4918942.00009999983,61,HWB,ACSTN,COMMISSIONED,Halfway Bush,04f3d24f-c9ff-4bd1-b353-c0bad88a7937
1513140.00009999983,5365652.00009999983,62,IGH,ACSTN,COMMISSIONED,Inangahua,25fa5878-33f7-4f1a-94e8-331a2def0c29
1245783.00009999983,4851991.00009999983,63,INV,ACSTN,COMMISSIONED,Invercargill,640deff8-6fef-4a76-bfa4-0f91aefb759a
1560548.00009999983,5179498.00009999983,64,ISL,ACSTN,COMMISSIONED,Islington,42354d57-cf76-470a-8033-92118f362674
1570680.00009999983,5196745.00009999983,65,KAI,ACSTN,COMMISSIONED,Kaiapoi,f720a377-e1b9-4ae3-985a-30a180803806
1926573.00009999983,5779107.00009999983,66,KAW,ACSTN,COMMISSIONED,Kawerau,b50c1109-0b2d-4406-a486-78926a4a5620
1589504.00009999983,5386476.00009999983,67,KIK,ACSTN,COMMISSIONED,Kikiwa,3df330cc-49d0-4289-b6e9-781278d31ef8
1852212.00009999983,5760024.00009999983,68,KIN,ACSTN,COMMISSIONED,Kinleith,f43aa336-91f1-4d47-a669-733b36bc0433
1823029.00009999983,5799542.00009999983,69,KPO,ACSTN,COMMISSIONED,Karapiro,d8110d4a-e28d-4e0d-8e1f-940f22b5d617
1830938.00009999983,5880678.00009999983,70,KPU,ACSTN,COMMISSIONED,Kopu,23edaa61-18b2-48e9-9ab5-206f7d2e0f34
1452052.00009999983,5278084.00009999983,72,KUM,ACSTN,COMMISSIONED,Kumara,7562c354-976a-4bd7-be58-234b621bd7cd
1750000.00009999983,5430943.00009999983,73,KWA,ACSTN,COMMISSIONED,Kaiwharawhara,6d80b23f-c3f7-4ffb-97c9-4360d2a56866
1847524.00009999983,5775603.00009999983,74,LFD,ACSTN,COMMISSIONED,Lichfield,2f759bfb-404a-489e-8bed-39d227ed77ba
1879255.00009999983,5818364.00009999983,76,KMO,ACSTN,COMMISSIONED,Kaitimako,02b7fa3c-1199-461e-a1a8-d422c48708ad
1673612.00009999983,6082717.00009999983,77,KOE,ACSTN,COMMISSIONED,Kaikohe,3e54aff3-f5bb-487f-9995-c10fcee64dde
1413503.00009999983,5021769.00009999983,78,LIV,ACSTN,COMMISSIONED,Livingstone,23ce8bdd-e187-4a97-ab3c-405939770638
1823280.00009999983,5523362.00009999983,79,LTN,ACSTN,COMMISSIONED,Linton,bcf4cb1d-0707-4d7c-81e7-e2206e1d7352
1153139.00009999983,4943246.00009999983,80,MAN,ACSTN,COMMISSIONED,Manapouri,94518602-5dd1-44d8-9970-323c22007f60
1934456.00009999983,5774722.00009999983,81,MAT,ACSTN,COMMISSIONED,Matahina,538636bd-7a87-45c6-b8a9-2b919353bcfa
1544903.00009999983,5373459.00009999983,82,MCH,ACSTN,COMMISSIONED,Murchison,ea08eda8-ab9e-4875-a183-876dacf0f3cb
1732421.00009999983,6028845.00009999983,83,MDN,ACSTN,COMMISSIONED,Marsden,1e586fa7-c7ed-46f5-930b-06ec7a545f6d
1783300.00009999983,5868174.00009999983,84,MER,ACSTN,COMMISSIONED,Meremere,b624317d-3cff-4627-9285-d6766995be71
1833130.00009999983,5511184.00009999983,85,MGM,ACSTN,COMMISSIONED,Mangamaire,6c4809f6-bd08-4e3a-94da-cf57b29d42cd
1807282.00009999983,5505363.00009999983,86,MHO,ACSTN,COMMISSIONED,Mangahao,932341c3-2002-4e85-b2c1-d3e7a8a4ad03
1760654.00009999983,5437236.00009999983,87,MLG,ACSTN,COMMISSIONED,Melling,7486c26f-598e-4658-b22e-cf20896f7211
1762702.00009999983,5907696.00009999983,88,MNG,ACSTN,COMMISSIONED,Mangere,a120d165-5b35-4ea4-9533-68b0c1b83b79
1711561.00009999983,5683109.00009999983,89,MNI,ACSTN,COMMISSIONED,Motunui,0ee26b9a-1c13-4f9e-9bf8-44df2f91de7a
1709127.00009999983,6041290.00009999983,91,MPE,ACSTN,COMMISSIONED,Maungatapere,71d813f0-859e-4e68-b409-3e93224ef7d6
1839768.00009999983,5751500.00009999983,93,MTI,ACSTN,COMMISSIONED,Maraetai,1e360298-21b1-4134-bca8-ce4f69e63970
1883459.00009999983,5825059.00009999983,94,MTM,ACSTN,COMMISSIONED,Mt Maunganui,9e35ff18-015b-4085-9ff7-20cfc1a3a3d7
1801201.00009999983,5558141.00009999983,95,MTN,ACSTN,COMMISSIONED,Marton,e1d57e75-5486-410e-b328-ebe42e3a007f
1722370.00009999983,6005583.00009999983,96,MTO,ACSTN,COMMISSIONED,Maungaturoto,0b8275d1-9fff-446f-ab90-58bbb672894f
1831802.00009999983,5606722.00009999983,97,MTR,ACSTN,COMMISSIONED,Mataroa,07adafc9-89f4-4073-a4e1-08b83e5b57cc
1819725.00009999983,5460470.00009999983,98,MST,ACSTN,COMMISSIONED,Masterton,4d7e106c-4a18-4d87-bba9-eee2db2e08d4
1877217.00009999983,5721300.00009999983,99,NAP,ACSTN,COMMISSIONED,Nga Awa Purua,f352e9b1-bba1-47e7-9ced-ed68addfdef8
1242674.00009999983,4861597.00009999983,100,NMA,ACSTN,COMMISSIONED,North Makarewa,872f167f-24aa-4e86-b505-b8ba858472fd
1807260.00009999983,5662951.00009999983,101,NPK,ACSTN,COMMISSIONED,National Park,26a31b47-5c0b-446f-8494-25386180b534
1688836.00009999983,5676251.00009999983,102,NPL,ACSTN,COMMISSIONED,New Plymouth,d49f79f1-fa50-4e07-82c7-f0429e91c4e3
1371044.00009999983,5009246.00009999983,103,NSY,ACSTN,COMMISSIONED,Naseby,85608d03-2d7d-4d16-ade1-7e8ae4407f7e
1436054.00009999983,5007238.00009999983,104,OAM,ACSTN,COMMISSIONED,Oamaru,058d7c5b-cc98-423a-bac1-631c37e9af77
1362893.00009999983,5094306.00009999983,105,OHA,ACSTN,COMMISSIONED,Ohau A,4340c42f-826e-41c7-bb7e-cb0533f491a4
1369523.00009999983,5090583.00009999983,106,OHB,ACSTN,COMMISSIONED,Ohau B,ecb56e91-07c9-4f1b-b876-c88611d0a947
1375191.00009999983,5086131.00009999983,107,OHC,ACSTN,COMMISSIONED,Ohau C,0f251adf-ad01-4f19-95a8-becb928e6a2f
1869460.00009999983,5744407.00009999983,108,OHK,ACSTN,COMMISSIONED,Ohakuri,fcb958ed-d03e-4bfb-92f6-8ac2b801e758
1803061.8834,5849623.94199999981,109,OHW,ACSTN,COMMISSIONED,Ohinewai,0b658c71-a440-48bf-9549-df2cf97d5357
1893222.00009999983,5785558.00009999983,110,OKE,ACSTN,COMMISSIONED,Okere,2fc3c930-9fc1-475b-909a-0f8f482d36bf
1887000.00009999983,5730455.00009999983,111,OKI,ACSTN,COMMISSIONED,Ohaaki,2d18b056-2184-4a20-8a38-3902cf18e850
1803835.00009999983,5633184.00009999983,112,OKN,ACSTN,COMMISSIONED,Ohakune,700582f9-ed0b-42d2-bf65-58a1a3c34e56
1789617.00009999983,5709183.00009999983,113,ONG,ACSTN,COMMISSIONED,Ongarue,5ce0310a-c8aa-4270-a810-f0d475bd2e72
1679853.00009999983,5639246.00009999983,114,OPK,ACSTN,COMMISSIONED,Opunake,a27896bc-3e40-4f5d-9a08-87372139273f
1765841.00009999983,5908477.00009999983,115,OTA,ACSTN,COMMISSIONED,Otahuhu,77f3fa31-f882-47f9-9639-83ee1aeadbb4
1766060.723299999721,5908947.069099999964,116,OTG,ACSTN,COMMISSIONED,Otahuhu Power Station,ec553248-7a33-4b70-8f58-5b92466734ef
1482697.00009999983,5256873.00009999983,117,OTI,ACSTN,COMMISSIONED,Otira,9981a77c-a25b-47cf-9fd9-ca24ec337931
1891300.00009999983,5774545.00009999983,118,OWH,ACSTN,COMMISSIONED,Owhata,8106b47e-b3c6-4dd4-bd41-9827aef0578e
1769820.00009999983,5911645.00009999983,119,PAK,ACSTN,COMMISSIONED,Pakuranga,48bd89ab-9c99-43ad-94e2-d880888a40cb
1825912.00009999983,5829853.00009999983,121,PAO,ACSTN,COMMISSIONED,Piako,3a7ad67b-72ee-4121-912d-c2b4ef4f83d1
1761868.00009999983,5914165.00009999983,123,PEN,ACSTN,COMMISSIONED,Penrose,e23e54f7-74f0-4e96-aa2d-9d50c21897d3
1761116.00009999983,5447292.00009999983,124,PNI,ACSTN,COMMISSIONED,Pauatahanui,6614ac1c-9291-4b2d-93f6-81b6c76dbc53
1769434.00009999983,5467577.00009999983,125,PRM,ACSTN,COMMISSIONED,Paraparaumu,526be59c-3b33-4ec3-b7b5-91ec9252595b
1864742.00009999983,5719912.00009999983,126,PPI,ACSTN,COMMISSIONED,Poihipi,181f6ac2-52c8-4a6b-8ace-547679b91787
1928423.00009999983,5615041.00009999983,127,RDF,ACSTN,COMMISSIONED,Redclyffe,0b90be3d-a5ab-4de0-a717-916bc7e6dd80
1484560.00009999983,5375367.00009999983,128,ROB,ACSTN,COMMISSIONED,Robertson Street,0014237d-2bff-40a4-bede-53e29e68f8a1
1753729.00009999983,5913294.00009999983,129,ROS,ACSTN,COMMISSIONED,Mount Roskill,29449e09-75a3-4bae-96a3-54a3ee5b25b8
1882791.00009999983,5772812.00009999983,130,ROT,ACSTN,COMMISSIONED,Rotorua,09838e91-ea74-423f-9394-1ea60d09425a
1312313.00009999983,4957441.00009999983,131,ROX,ACSTN,COMMISSIONED,Roxburgh,e713a0f9-786f-4725-a6cc-26948e762b51
1845190.00009999983,5662389.00009999983,132,RPO,ACSTN,COMMISSIONED,Rangipo,fbdea13d-a440-44e6-884a-0b145a76a2bb
1504449.00009999983,5340412.00009999983,133,RFN,ACSTN,COMMISSIONED,Reefton,53aa06a8-73ca-402b-9e1c-363a5f65d2ac
1567467.00009999983,5202755.00009999983,134,SBK,ACSTN,COMMISSIONED,Southbrook,99050095-e5da-4a22-9b38-15613e63769c
1555629.00009999983,5168207.00009999983,135,SPN,ACSTN,COMMISSIONED,Springston,91d00a9d-b1eb-4ab5-98d3-5bc907a48dc2
1620352.00009999983,5426224.00009999983,136,STK,ACSTN,COMMISSIONED,Stoke,86714e12-bc15-450d-94c1-1e9f996e76c9
1406624.00009999983,4915071.00009999983,137,SDN,ACSTN,COMMISSIONED,South Dunedin,a1b1fb62-1254-4a95-a15c-c93929065624
1713803.00009999983,5645287.00009999983,138,SFD,ACSTN,COMMISSIONED,Stratford,a203212c-2606-4ca9-9ccb-6a9cfa526991
1452515.00009999983,5045102.00009999983,139,STU,ACSTN,COMMISSIONED,Studholme,90233a53-5d1e-42e2-a5d9-cc537630d859
1750524.00009999983,5945559.00009999983,140,SVL,ACSTN,COMMISSIONED,Silverdale,3ad8f9f0-7f7a-4ca0-906d-b62274b6e0ef
1762789.00009999983,5911686.00009999983,141,SWN,ACSTN,COMMISSIONED,Southdown,e5a1c3cb-1bc2-47db-af87-e24ca90e2246
1771969.00009999983,5899052.00009999983,142,TAK,ACSTN,COMMISSIONED,Takanini,fbbc5725-883f-4281-b61d-d11fdc85d146
1459043.00009999983,5085216.00009999983,143,TIM,ACSTN,COMMISSIONED,Timaru,9dac60a3-68ff-4acf-81ee-12078f1b65d6
1396466.00009999983,5123456.00009999983,144,TKA,ACSTN,COMMISSIONED,Tekapo A,18bfd266-a965-46d9-940c-47149f2d243c
1376920.00009999983,5110450.00009999983,145,TKB,ACSTN,COMMISSIONED,Tekapo B,83f4f456-4b3c-439c-bd84-9522df2d3c1d
1875930.00009999983,5819778.00009999983,146,TGA,ACSTN,COMMISSIONED,Tauranga,1b21519d-3d9b-41c7-b011-150a98ff8843
1757034.00009999983,5442090.00009999983,148,TKR,ACSTN,COMMISSIONED,Takapu Road,97bdb34e-8f56-45ca-a913-67bd8e6aa025
1839960.00009999983,5681601.00009999983,149,TKU,ACSTN,COMMISSIONED,Tokaanu,98544432-8395-4d4a-b2ec-2c8569e28c77
1400755.00009999983,4918686.00009999983,150,TMH,ACSTN,COMMISSIONED,Three Mile Hill,89ea8d90-675b-4134-9e80-f19b3de8c106
1893974.00009999983,5809246.00009999983,151,TMI,ACSTN,COMMISSIONED,Te Matai,69a13707-ecf1-46c1-9882-8d6e1eb94e39
1463595.00009999983,5101870.00009999983,152,TMK,ACSTN,COMMISSIONED,Temuka,0d102f9c-1a3e-454a-8a22-a3e61e8d30f9
1801812.00009999983,5692949.00009999983,153,TMN,ACSTN,COMMISSIONED,Taumarunui,5fffdad4-c034-4a1a-9274-3cb634c99ee1
1803713.00009999983,5791407.00009999983,154,TMU,ACSTN,COMMISSIONED,Te Awamutu,f41d6c14-c2e6-4fc9-9af0-59fe54d140cc
1821309.00009999983,5628416.00009999983,155,TNG,ACSTN,COMMISSIONED,Tangiwai,db7f0037-b340-4daf-9696-18f0dc134e6a
1877163.00009999983,5781277.00009999983,157,TRK,ACSTN,COMMISSIONED,Tarukenga,ae200c21-0dd9-4558-bbb2-20ca78f89a6f
1960528.00009999983,5696630.00009999983,158,TUI,ACSTN,COMMISSIONED,Tuai,92ffd695-2fd7-49c4-a181-4d441bf224bb
1835539.00009999983,5529285.00009999983,159,TWC,ACSTN,COMMISSIONED,Tararua Wind Central,58ed56e7-4172-4ab8-956b-9fbec657c908
1787090.00009999983,5822055.00009999983,160,TWH,ACSTN,COMMISSIONED,Te Kowhai,6366b585-8eb8-4974-9387-f7d4ed6eaddd
1247070.00009999983,4830103.00009999983,161,TWI,ACSTN,COMMISSIONED,Tiwai,ed0f98d8-c16e-4fe2-a8db-f1374995f1de
1968014.00009999983,5783096.00009999983,163,WAI,ACSTN,COMMISSIONED,Waiotahi,17e53c31-a8e0-42b0-8241-01add6e4a5e9
1842686.00009999983,5533308.00009999983,164,WDV,ACSTN,COMMISSIONED,Woodville,0b370652-1bab-43f3-9fa2-9c7ba99d8bbf
1735913.00009999983,5983404.00009999983,165,WEL,ACSTN,COMMISSIONED,Wellsford,ea617bb3-af6c-4474-bd24-d12ec6644d31
1789666.00009999983,5840128.00009999983,166,WES,ACSTN,COMMISSIONED,Western Road,64e25757-3dfc-47da-abd2-be5d09176e91
1781062.00009999983,5576956.00009999983,167,WGN,ACSTN,COMMISSIONED,Wanganui,2241b36b-4f66-47fb-b005-d53cadc743d2
1934795.00009999983,5633613.00009999983,168,WHI,ACSTN,COMMISSIONED,Whirinaki,b4ae56d2-81a3-4480-aa10-148022c7995e
1836968.00009999983,5838595.00009999983,169,WHU,ACSTN,COMMISSIONED,Waihou,f943907e-1803-4b27-8069-1ce2a84bc883
1747404.00009999983,5431048.00009999983,170,WIL,ACSTN,COMMISSIONED,Wilton,80ff1e08-0b41-46da-ae23-ce95d1309490
1767719.00009999983,5904819.00009999983,171,WIR,ACSTN,COMMISSIONED,Wiri,03ae7eb0-d259-4146-9c8e-fb7420375127
1844482.00009999983,5743971.00009999983,172,WKM,ACSTN,COMMISSIONED,Whakamaru,3de3af00-c85e-446b-9b53-a34a1df1d796
1845570.00009999983,5855375.00009999983,173,WKO,ACSTN,COMMISSIONED,Waikino,3cad9776-6f8a-4e31-98cc-a9617f5962b6
1368615.00009999983,5093100.00009999983,174,TWZ,ACSTN,COMMISSIONED,Twizel,0a48e3af-2b44-4a12-8210-113b480336bd
1775872.00009999983,5448080.00009999983,175,UHT,ACSTN,COMMISSIONED,Upper Hutt,4467001c-86fe-4c27-bc51-9dc1667cdf94
1496604.00009999983,5380776.00009999983,176,WMG,ACSTN,COMMISSIONED,Waimangaroa,01ec12d0-42e1-46c9-b132-9f15e9b26817
1834679.00009999983,5758417.00009999983,177,WPA,ACSTN,COMMISSIONED,Waipapa,716ac2e5-5252-4cbf-b367-bc420b460360
1580144.00009999983,5233394.00009999983,178,WPR,ACSTN,COMMISSIONED,Waipara,3ced39d6-095d-4ea5-a3f4-6e10a4f4a7bb
1476011.00009999983,5376679.00009999983,179,WPT,ACSTN,COMMISSIONED,Westport,37661bfc-eda7-4e8a-9014-d78b6dc36101
1894619.00009999983,5575573.00009999983,180,WPW,ACSTN,COMMISSIONED,Waipawa,af07c9f2-dbc5-4cd6-828f-dbb761fffa49
1981648.00009999983,5674331.00009999983,181,WRA,ACSTN,COMMISSIONED,Wairoa,876378ff-6b29-4901-a601-ccac918ca182
1870315.00009999983,5720165.00009999983,182,WRK,ACSTN,COMMISSIONED,Wairakei,6bed0231-9a8f-43f2-aca5-e6bb9d8e529d
1396274.00009999983,5048061.00009999983,183,WTK,ACSTN,COMMISSIONED,Waitaki,f00c01a4-446a-4fc6-b0b3-f44142d43930
1933253.00009999983,5608737.00009999983,184,WTU,ACSTN,COMMISSIONED,Whakatu,4623c502-e8c5-442c-940b-0c32f3b0ca53
1740108.00009999983,5598255.00009999983,185,WVY,ACSTN,COMMISSIONED,Waverley,238b12fe-ab91-47c5-92a3-72b011511dba
1740630.00009999983,5429932.00009999983,186,WWD,ACSTN,COMMISSIONED,West Wind,be6bd9e2-750f-4e4a-8908-e9d183c95871
1755880.00009999983,5928071.00009999983,187,WRD,ACSTN,COMMISSIONED,Wairau Road,0624e7c0-068f-482c-8196-c42495046a73
1843876.220099999569,5744662.040099999867,188,WHN,ACSTN,COMMISSIONED,Whakamaru North,27e4ae80-3118-465c-b423-d0d5ff56cb32
1525956.4901,5188223.8601,189,KBY,ACSTN,COMMISSIONED,Kimberley,16c44189-115b-4517-9451-53808cafd0aa
1865365.155299999751,5721247.340699999593,190,THI,ACSTN,COMMISSIONED,Te Mihi,1b9b1220-104a-4e99-b048-96d1e144e358
1765931.425499999896,5909052.6903,191,OTC,ACSTN,COMMISSIONED,Otahuhu Combined Cycle Power Station,b6a2ebab-9963-4e0a-87c5-33f839d7d49e
1744184.00009999983,5436746.00009999983,192,THW,HVDC,COMMISSIONED,Te Hikowhenua Electrode,84a31893-9947-4d19-b1b0-28770f853fe8
1736479.00009999983,5427289.00009999983,193,OTB,HVDC,COMMISSIONED,Oteranga Bay,93d7c172-2808-4591-8add-5585fa39e398
1766284.00009999983,5442555.00009999983,195,HAY-DC,HVDC,COMMISSIONED,Haywards DC,d0cff0d3-2215-4f3b-a2fe-248d1eb4f28f
1700617.00009999983,5426168.00009999983,196,FTB,HVDC,COMMISSIONED,Fighting Bay,76f7e517-932e-4d35-a766-3014760fcce2
1369653.441399999894,5060307.341599999927,197,BGR,HVDC,COMMISSIONED,Bog Roy Electrode,076dde20-93c3-45fd-9e55-2d5835b15b9e
1376975.00009999983,5061566.00009999983,200,BEN-DC,HVDC,COMMISSIONED,Benmore DC,b247a219-45b7-4999-8e76-2f4350d6a1e7
1715540.7915,5671537.982699999586,275,MKE,OTHER,COMMISSIONED,McKee,c77641a3-b596-4d30-8be0-07d3c71b8d61
1767832.00009999983,5904856.00009999983,276,WRT,TEE,COMMISSIONED,Wiri Tee,a1faf7ff-f2fa-4b9a-9748-ff1b44ca7cdf
1580001.00009999983,5233551.00009999983,277,WTT,TEE,COMMISSIONED,Waipara Tee,6b649618-40d8-4e78-8fdf-7a62dff60fd8
1830057.00009999983,5529212.00009999983,278,TWT,TEE,COMMISSIONED,Tararua Wind Central Tee,5b0c17e8-0190-4443-b075-824eb56f6161
1438251.00009999983,5270702.00009999983,279,TMR,TEE,COMMISSIONED,Two Mile River Tee,f6edf373-b5a7-487a-b330-c661433928c6
1504449.00009999983,5340455.00009999983,280,RFC,TEE,COMMISSIONED,Reefton Tee,5440cef5-e6be-4599-9b80-1360a4cf81a3
1801555.00009999983,5755843.00009999983,282,RTO,TEE,COMMISSIONED,Rangitoto Hills Tee,4480b56a-30dd-499c-b306-4e293ec2c044
1797490.00009999983,5661076.00009999983,283,RTR,TEE,COMMISSIONED,Retaruke Tee,babb6b13-8af2-4c57-880b-ca3c5e891034
1771851.00009999983,5899087.00009999983,284,TAT,TEE,COMMISSIONED,Takanini Tee,c822cde7-5f15-4ba9-b321-ced8fc97039d
1761122.00009999983,5447254.00009999983,285,PNT,TEE,COMMISSIONED,Pauatahanui Tee,607a4ac8-d5b6-43e6-a635-79bc0abe89fa
1877814.00009999983,5818875.00009999983,286,PIE,TEE,COMMISSIONED,Poike Tee,680a4cb5-f5f4-4dda-908c-8cabd3075eaf
1484411.891699999571,5374833.28,287,ORO,TEE,COMMISSIONED,Orowaiti Tee,eece9afc-1b65-4fd6-b2ec-a91067c3f57b
1441402.00009999983,5104690.00009999983,288,OPI,TEE,COMMISSIONED,Opihi Tee,609910af-0806-46fd-ad29-e66526082c0c
1525843.00009999983,5187123.00009999983,289,KBT,TEE,COMMISSIONED,Kimberley Tee,3be7bc1b-90a8-4389-ab0e-00dbd0584e71
1763237.00009999983,5447072.00009999983,290,JFD,TEE,COMMISSIONED,Judgeford,0f5fa9bf-12eb-41fd-ba39-db252760939a
1847518.00009999983,5775563.00009999983,291,LFT,TEE,COMMISSIONED,Lichfield Tee,5741fd4d-baaf-4e8f-97ad-e35342eb43cc
1450073.00009999983,5267739.00009999983,292,KHA,TEE,COMMISSIONED,Kawhaka Tee,73956097-3918-44e7-9886-a5b16b2af1e0
1699712.00009999983,5639386.00009999983,293,KPA,TEE,COMMISSIONED,Kaponga Tee,474301ed-81b3-4249-907c-4b21c154a495
1827496.00009999983,5829363.00009999983,295,MVE,TEE,COMMISSIONED,Morrinsville Tee,115375cd-915e-41b8-94a4-1672a133a003
1711710.00009999983,5678043.00009999983,296,MKT,TEE,COMMISSIONED,McKee Tee,e299228a-5677-4fec-ae2b-df60d6b334fb
1742736.00009999983,5428045.00009999983,297,MHT,TEE,COMMISSIONED,Makara Heights Tee,eefbfe50-1379-4b97-ad3a-f213f4bdfb31
1284304.00009999983,4883000.00009999983,298,GOT,TEE,COMMISSIONED,Gore Tee,9edcae6a-5456-4501-b1ac-9773096c9c78
1450631.00009999983,5023912.00009999983,299,GNY,TEE,COMMISSIONED,Glenavy,d8cf2a1b-806a-4ea4-a55c-7d6063dbeb2b
1590028.00009999983,5270269.00009999983,300,CUT,TEE,COMMISSIONED,Culverden Tee,3a476df8-1330-4fc1-b055-a5fdccfe034e
1561600.00009999983,5173630.00009999983,301,CHH,TEE,COMMISSIONED,Christchurch Tee,a9701c5d-7a66-4944-be2f-1d56e808929c
1425912.00009999983,5029886.00009999983,302,BPC,TEE,COMMISSIONED,Black Point Tee,47226cf0-4a1d-49db-a702-79e8b8690344
1504165.00009999983,5176927.00009999983,303,BKD,TEE,COMMISSIONED,Brackendale,c8d5fa7f-cf01-498d-b45b-0f7cc7794af7
1438546.00009999983,5027023.00009999983,304,BDT,TEE,COMMISSIONED,Bells Pond Tee,a95cfd3d-8ffb-456e-820f-d0b265a36e8d
1770083.555,5468017.3782,705,PRT,TEE,COMMISSIONED,Paraparaumu Tee,c201d7c1-7ae8-457c-9c16-6439460f7acb
1695737.4588,5669795.0898,706,JRT,TEE,COMMISSIONED,Junction Road Tee,ea90421a-109a-4810-8ba3-c1cdeb3c748b
1695407.2581,5669688.528699999675,707,JRD,ACSTN,COMMISSIONED,Junction Road,f188140e-fa88-4bfa-bdea-8458615243c4
